##var,id,dialogueId,type,speaker,text,choices,condition,action,next
##type,int,int,string,string,string,string,string,string,int
##,节点ID,所属对话,类型(line/choice/setflag/end),说话人,正文,选项(文本->节点|...),进入条件,到达动作,下一节点(0=结束)
,9001,900,line,Quartermaster,Back in one piece. Good.,,,,9006
,9002,900,line,Quartermaster,"Supplies are tight, friend. Keep bringing back whatever you find.",,,,9003
,9003,900,choice,Quartermaster,Need anything?,Just looking->9004|Leave->9005,,,0
,9004,900,line,Quartermaster,"The workshop's yours. Build it up, and we all eat.",,,,0
,9005,900,line,Quartermaster,Stay sharp out there.,,,,0
,9006,900,setflag,,,,,flag:+met_quartermaster,9002
,9011,901,line,Doc,Patching up raiders and fools. Guess which one you are.,,,,9012
,9012,901,line,Doc,Come back if you're bleeding. Not before.,,,,0
